{
  "delta": 0.1,
  "epsilon": 0.1,
  "goldset": {
    "n_invalid": 99,
    "n_tasks": 180,
    "n_valid": 81,
    "path": "runs/phase2c/goldset.jsonl"
  },
  "panels": {
    "claude-plus-codex": {
      "cost_usd": 17.499488000000007,
      "e_delta": 0.0,
      "error_guard_tripped": false,
      "feasible": true,
      "mean_diff_lines": {
        "invalid": 9.929292929292929,
        "valid": 16.962962962962962
      },
      "n_eff_ci": [
        1.6647160031503827,
        2.4514380370178745
      ],
      "n_effective": 1.8840912482345435,
      "n_judges": 3,
      "n_tasks_error": 0,
      "n_tasks_total": 180,
      "n_tasks_used": 180,
      "per_judge_wrong_rate": [
        0.027777777777777776,
        0.016666666666666666,
        0.011111111111111112
      ],
      "per_judge_wrong_upper": [
        0.04824675073139305,
        0.033970694050579994,
        0.02643514605775708
      ],
      "q_max": 1,
      "q_min": 1,
      "rho_bar": 0.2961397843154094,
      "u_epsilon": 2.0
    },
    "claude-plus-grok": {
      "cost_usd": 23.60641920000001,
      "e_delta": 0.0,
      "error_guard_tripped": false,
      "feasible": true,
      "mean_diff_lines": {
        "invalid": 9.929292929292929,
        "valid": 16.962962962962962
      },
      "n_eff_ci": [
        1.6786654111755346,
        2.694672783498443
      ],
      "n_effective": 1.95913704857861,
      "n_judges": 3,
      "n_tasks_error": 0,
      "n_tasks_total": 180,
      "n_tasks_used": 180,
      "per_judge_wrong_rate": [
        0.027777777777777776,
        0.016666666666666666,
        0.011111111111111112
      ],
      "per_judge_wrong_upper": [
        0.04824675073139305,
        0.033970694050579994,
        0.02643514605775708
      ],
      "q_max": 2,
      "q_min": 1,
      "rho_bar": 0.26564322087026926,
      "u_epsilon": 1.0
    },
    "diverse-lens-sonnet": {
      "cost_usd": 27.024768000000016,
      "e_delta": 0.0,
      "error_guard_tripped": false,
      "feasible": true,
      "mean_diff_lines": {
        "invalid": 9.929292929292929,
        "valid": 16.962962962962962
      },
      "n_eff_ci": [
        2.176739052996022,
        3.0
      ],
      "n_effective": 2.4266078202638135,
      "n_judges": 3,
      "n_tasks_error": 0,
      "n_tasks_total": 180,
      "n_tasks_used": 180,
      "per_judge_wrong_rate": [
        0.011111111111111112,
        0.027777777777777776,
        0.06111111111111111
      ],
      "per_judge_wrong_upper": [
        0.02643514605775708,
        0.04824675073139305,
        0.08819947333830193
      ],
      "q_max": 2,
      "q_min": 1,
      "rho_bar": 0.11814685812597621,
      "u_epsilon": 1.0
    },
    "identical-sonnet": {
      "cost_usd": 26.193762999999972,
      "e_delta": 0.0,
      "error_guard_tripped": false,
      "feasible": true,
      "mean_diff_lines": {
        "invalid": 9.929292929292929,
        "valid": 16.962962962962962
      },
      "n_eff_ci": [
        1.0658284744849562,
        2.4043908910643843
      ],
      "n_effective": 1.309143614262253,
      "n_judges": 3,
      "n_tasks_error": 0,
      "n_tasks_total": 180,
      "n_tasks_used": 180,
      "per_judge_wrong_rate": [
        0.027777777777777776,
        0.016666666666666666,
        0.016666666666666666
      ],
      "per_judge_wrong_upper": [
        0.04824675073139305,
        0.033970694050579994,
        0.033970694050579994
      ],
      "q_max": 1,
      "q_min": 1,
      "rho_bar": 0.6457872029153203,
      "u_epsilon": 2.0
    },
    "mixed-tier": {
      "cost_usd": 38.273327999999985,
      "e_delta": 0.0,
      "error_guard_tripped": false,
      "feasible": true,
      "mean_diff_lines": {
        "invalid": 9.929292929292929,
        "valid": 16.962962962962962
      },
      "n_eff_ci": [
        1.6777896376845862,
        2.583140728586189
      ],
      "n_effective": 1.95913704857861,
      "n_judges": 3,
      "n_tasks_error": 0,
      "n_tasks_total": 180,
      "n_tasks_used": 180,
      "per_judge_wrong_rate": [
        0.011111111111111112,
        0.016666666666666666,
        0.027777777777777776
      ],
      "per_judge_wrong_upper": [
        0.02643514605775708,
        0.033970694050579994,
        0.04824675073139305
      ],
      "q_max": 1,
      "q_min": 1,
      "rho_bar": 0.26564322087026926,
      "u_epsilon": 2.0
    },
    "three-lineage": {
      "cost_usd": 14.857055200000014,
      "e_delta": 0.0,
      "error_guard_tripped": false,
      "feasible": true,
      "mean_diff_lines": {
        "invalid": 9.929292929292929,
        "valid": 16.962962962962962
      },
      "n_eff_ci": [
        1.8141222539412343,
        3.0
      ],
      "n_effective": 2.2820512820512824,
      "n_judges": 3,
      "n_tasks_error": 0,
      "n_tasks_total": 180,
      "n_tasks_used": 180,
      "per_judge_wrong_rate": [
        0.011111111111111112,
        0.011111111111111112,
        0.011111111111111112
      ],
      "per_judge_wrong_upper": [
        0.02643514605775708,
        0.02643514605775708,
        0.02643514605775708
      ],
      "q_max": 1,
      "q_min": 1,
      "rho_bar": 0.15730337078651685,
      "u_epsilon": 2.0
    }
  }
}